Chris Heisey,OF,2200
Clayton Kershaw,P,12000
Yu Darvish,P,11300
Masahiro Tanaka,P,11200
Felix Hernandez,P,11200
Adam Wainwright,P,11000
David Price,P,10400
Jose Fernandez,P,10200
Max Scherzer,P,10100
Chris Sale,P,9800
Cliff Lee,P,9500
Stephen Strasburg,P,9300
Zack Greinke,P,9300
Jon Lester,P,9200
Cole Hamels,P,9100
Jordan Zimmermann,P,8700
Sonny Gray,P,8700
Corey Kluber,P,8700
Josh Beckett,P,8600
Anibal Sanchez,P,8500
Bartolo Colon,P,8400
Gio Gonzalez,P,8400
Scott Kazmir,P,8300
Gerrit Cole,P,8300
John Lackey,P,8200
C.J. Wilson,P,8100
Michael Wacha,P,8100
Ervin Santana,P,8100
Homer Bailey,P,8000
Garrett Richards,P,8000
Lance Lynn,P,8000
Hisashi Iwakuma,P,8000
Dallas Keuchel,P,8000
Andrew Cashner,P,8000
Doug Fister,P,8000
James Shields,P,8000
Jeff Samardzija,P,7900
Mike Leake,P,7800
Mat Latos,P,7800
Chris Archer,P,7700
Yordano Ventura,P,7700
Mark Buehrle,P,7700
Henderson Alvarez,P,7600
Tim Hudson,P,7600
Alex Wood,P,7500
Mike Minor,P,7500
Tim Lincecum,P,7500
Wily Peralta,P,7400
Kris Medlen,P,7400
Jon Niese,P,7400
A.J. Burnett,P,7400
Collin McHugh,P,7300
Jered Weaver,P,7300
Yovani Gallardo,P,7300
Tony Cingrani,P,7200
Rubby de la Rosa,P,7200
Alfredo Simon,P,7200
Alex Cobb,P,7200
Charlie Morton,P,7200
Travis Wood,P,7100
Jake Arrieta,P,7100
Patrick Corbin,P,7100
Marco Estrada,P,7100
Phil Hughes,P,7100
Matt Garza,P,7000
CC Sabathia,P,7000
Zack Wheeler,P,7000
Rick Porcello,P,7000
Bud Norris,P,7000
Dan Haren,P,6900
Jake Odorizzi,P,6900
Danny Salazar,P,6900
Hiroki Kuroda,P,6900
Drew Smyly,P,6900
Matt Moore,P,6900
Justin Masterson,P,6800
Josh Collmenter,P,6800
Ian Kennedy,P,6800
Nathan Eovaldi,P,6700
Roenis Elias,P,6700
Francisco Liriano,P,6700
Matt Cain,P,6700
Jose Quintana,P,6700
Jordan Lyles,P,6700
Eddie Butler,P,6700
Dillon Gee,P,6600
Jarred Cosart,P,6600
Aaron Harang,P,6600
Gavin Floyd,P,6500
Shelby Miller,P,6500
Edwin Jackson,P,6500
Robbie Ray,P,6400
Jarrod Parker,P,6400
Danny Duffy,P,6400
Daniel Straily,P,6400
Jeremy Guthrie,P,6300
Brandon Beachy,P,6300
Wei-Yin Chen,P,6300
Bronson Arroyo,P,6300
Colby Lewis,P,6300
Jesse Hahn,P,6300
Marcus Stroman,P,6300
Tommy Hunter,P,6200
Wade Miley,P,6200
Jaime Garcia,P,6200
Clay Buchholz,P,6200
Chase Anderson,P,6200
Jake Peavy,P,6200
Nate Jones,P,6100
Tom Koehler,P,6100
Chris Tillman,P,6100
Tyler Skaggs,P,6100
Rex Brothers,P,6100
Miguel Gonzalez,P,6000
Jorge De La Rosa,P,6000
Bruce Chen,P,6000
A.J. Griffin,P,6000
Martin Perez,P,6000
Tom Milone,P,6000
J.A. Happ,P,5900
Danny Farquhar,P,5900
Taijuan Walker,P,5900
Derek Holland,P,5900
Hector Noesi,P,5900
Jenrry Mejia,P,5900
Ubaldo Jimenez,P,5900
A.J. Ramos,P,5800
Ryan Vogelsong,P,5800
Brett Oberholtzer,P,5700
Edinson Volquez,P,5700
Mike Trout,OF,5700
Cody Allen,P,5600
Johan Santana,P,5600
Joe Kelly,P,5600
Felix Doubront,P,5600
David Phelps,P,5600
Tsuyoshi Wada,P,5600
Erasmo Ramirez,P,5600
Zach McAllister,P,5600
Josh Johnson,P,5500
David Buchanan,P,5500
Hector Santiago,P,5500
Jhoulys Chacin,P,5500
Chad Billingsley,P,5400
James Paxton,P,5400
Michael Pineda,P,5400
Tyler Chatwood,P,5400
Robbie Erlin,P,5400
Andrew Hutchison,P,5400
Jeff Locke,P,5300
Michael Bolsinger,P,5300
Ricky Nolasco,P,5300
Matt Harrison,P,5300
Yusmeiro Petit,P,5300
Roberto Hernandez,P,5300
Vance Worley,P,5200
Alexi Ogando,P,5200
Scott Feldman,P,5200
Drew Pomeranz,P,5200
Luke Hochevar,P,5200
Eric Stults,P,5200
Erik Bedard,P,5200
Ivan Nova,P,5200
Brandon Morrow,P,5200
Scott Baker,P,5200
Daniel Hudson,P,5200
Daisuke Matsuzaka,P,5100
Randy Wolf,P,5100
David Hale,P,5100
Tyler Thornburg,P,5100
Edwin Encarnacion,1B,5100
Nicholas Martinez,P,5100
Trevor Cahill,P,5100
Louis Coleman,P,5000
Sean Doolittle,P,5000
Ryan Brasier,P,5000
Nick Hagadone,P,5000
Jim Henderson,P,5000
Jordan Walden,P,5000
Scott Carroll,P,5000
Cesar Ramos,P,5000
Josh Lueke,P,5000
Blake Beavan,P,5000
Sergio Santos,P,5000
William Smith,P,5000
Blaine Hardy,P,5000
Zach Putnam,P,5000
Ernesto Frieri,P,5000
Samuel Deduno,P,5000
Craig Kimbrel,P,5000
Tanner Scheppers,P,5000
Alex White,P,5000
Esmil Rogers,P,5000
Bruce Billings,P,5000
Donnie Joseph,P,5000
Tim Collins,P,5000
Cory Gearrin,P,5000
Aaron Crow,P,5000
Alberto Alburquerque,P,5000
Hector Rondon,P,5000
Vinnie Pestano,P,5000
Jake McGee,P,5000
Anthony Varvaro,P,5000
Zach Britton,P,5000
Chris Capuano,P,5000
Adam Ottavino,P,5000
Kyle Gibson,P,5000
Rudy Owens,P,5000
Jacob Turner,P,5000
Randall Delgado,P,5000
Giancarlo Stanton,OF,5000
Brandon Kintzler,P,5000
Lucas Harrell,P,5000
Justin Germano,P,5000
Greg Holland,P,5000
Michael Kohn,P,5000
Fernando Abad,P,5000
Josh Tomlin,P,5000
Casey Coleman,P,5000
Kenley Jansen,P,5000
Jeremy Jeffress,P,5000
Brian Schlitter,P,5000
Cory Luebke,P,5000
Jeanmar Gomez,P,5000
Matt Reynolds,P,5000
Casey Kelly,P,5000
Charlie Furbush,P,5000
Troy Patton,P,5000
Justin De Fratus,P,5000
Darin Downs,P,5000
Bryan Morris,P,5000
Justin Wilson,P,5000
Raul Valdes,P,5000
Logan Ondrusek,P,5000
Phillippe Aumont,P,5000
Tony Watson,P,5000
James Russell,P,5000
Adam Warren,P,5000
Dellin Betances,P,5000
Henry Rodriguez,P,5000
Jonny Venters,P,5000
Mike Stutes,P,5000
Cesar Cabral,P,5000
Brandon Gomes,P,5000
Pedro Beato,P,5000
Hector Ambriz,P,5000
Fernando Salas,P,5000
Scott Atchison,P,5000
Sam LeCure,P,5000
Jeremy Hellickson,P,5000
Brad Lincoln,P,5000
Brad Brach,P,5000
Evan Scribner,P,5000
Edgmer Escalona,P,5000
Blake Wood,P,5000
Alexander Torres,P,5000
Donn Roach,P,5000
Kirby Yates,P,5000
T.J. House,P,5000
Preston Guilmet,P,5000
Erik Johnson,P,5000
Eric Fornataro,P,5000
Tyler Lyons,P,5000
T.J. McFarland,P,5000
Drake Britton,P,5000
Arnold Leon,P,5000
Bobby LaFromboise,P,5000
Jacob Petricka,P,5000
Seth Maness,P,5000
Keith Butler,P,5000
James Nelson,P,5000
Andre Rienzo,P,5000
Steven Wright,P,5000
Phil Irwin,P,5000
Bryan Mitchell,P,5000
Shane Greene,P,5000
Josh Zeid,P,5000
Cory Rasmus,P,5000
Bo Schultz,P,5000
Carter Capps,P,5000
Stephen Pryor,P,5000
Charles Riefenhauser,P,5000
Preston Claiborne,P,5000
Caleb Thielbar,P,5000
Aaron Loup,P,5000
Michael Mariot,P,5000
Rob Wooten,P,5000
Justin Grimm,P,5000
Sam Dyson,P,5000
Jose Alvarez,P,5000
Justin Marks,P,5000
Curtis Partch,P,5000
Erik Davis,P,5000
Gus Schlosser,P,5000
Kyuji Fujikawa,P,5000
Brooks Raley,P,5000
Will Harris,P,5000
Steven Rodriguez,P,5000
Brandon Maurer,P,5000
Gonzalez Germen,P,5000
Corey Knebel,P,5000
Dominic Leone,P,5000
Ian Thomas,P,5000
Ken Giles,P,5000
Mario Hollands,P,5000
Marcus Walden,P,5000
Onelki Garcia,P,5000
Andrew Heaney,P,5000
Miguel Alfredo Gonzalez,P,5000
Shae Simmons,P,5000
Casey Sadler,P,5000
Aaron Brooks,P,5000
Yoslan Herrera,P,5000
Kyle Crockett,P,5000
Asher Wojciechowski,P,5000
Christian Bergman,P,5000
Wei-Chung Wang,P,5000
Tim Berry,P,5000
Cam Bedrosian,P,5000
Logan Darnell,P,5000
Luis Garcia,P,5000
Jose Dominguez,P,5000
Jose Cisnero,P,5000
Tommy Kahnle,P,5000
Jonathan Pettibone,P,5000
Rafael Montero,P,5000
Jorge Rondon,P,5000
Michael Tonkin,P,5000
Nathan Karns,P,5000
Jose Ramirez,P,5000
Josh Fields,P,5000
Victor Black,P,5000
Zach Rosscup,P,5000
Aaron Barrett,P,5000
Taylor Jordan,P,5000
Daniel Webb,P,5000
Ian Krol,P,5000
Michael Morin,P,5000
Ben Rowen,P,5000
Chris Martin,P,5000
Red Patterson,P,5000
Kevin Quackenbush,P,5000
Frank de los Santos,P,5000
B.J. Rosenberg,P,5000
Addison Reed,P,5000
Bradley Boxberger,P,5000
Bryan Shaw,P,5000
Brian Moran,P,5000
Luis Avilan,P,5000
Justin Miller,P,5000
Todd Redmond,P,5000
Nick Christiani,P,5000
Joseph Ortiz,P,5000
Nick Vincent,P,5000
Ryan Cook,P,5000
Joe Savery,P,5000
Kelvin Herrera,P,5000
Pedro Figueroa,P,5000
Zeke Spruill,P,5000
Xavier Cedeno,P,5000
Steve Delabar,P,5000
Jared Hughes,P,5000
Jerome Williams,P,5000
Liam Hendriks,P,5000
Josh Lindblom,P,5000
Juan Nicasio,P,5000
Alex Wilson,P,5000
Michael Fiers,P,5000
Scott Rice,P,5000
Yoervis Medina,P,5000
Josh Stinson,P,5000
David Carpenter,P,5000
George Kontos,P,5000
Anthony Bass,P,5000
Jose Ortega,P,5000
Stolmy Pimentel,P,5000
Maikel Cleto,P,5000
Brad Hand,P,5000
Robert Rasmussen,P,5000
Dan Jennings,P,5000
Arquimedes Caminero,P,5000
Neil Wagner,P,5000
Ryan Mattheus,P,5000
Dane de la Rosa,P,5000
Charlie Leesman,P,5000
Javy Guerra,P,5000
Wilking Rodriguez,P,5000
Josh Wall,P,5000
Jake Dunning,P,5000
Kevin Siegrist,P,5000
Joe Wieland,P,5000
Chad Bettis,P,5000
Chris Rusin,P,5000
Brett Marshall,P,5000
Francisley Bueno,P,5000
Miles Mikolas,P,5000
Chris Withrow,P,5000
Nick Maronde,P,5000
Ryan Buchter,P,5000
Ethan Martin,P,5000
Kris Johnson,P,5000
Kevin Chapman,P,5000
Shawn Tolleson,P,5000
Bruce Rondon,P,5000
Stephen Fife,P,5000
Luke Putkonen,P,5000
Evan Reed,P,5000
Sam Freeman,P,5000
Josh Edgin,P,5000
Paul Clemens,P,5000
J.J. Hoover,P,5000
Robbie Ross,P,5000
Jarrett Grube,P,5000
Chase Whitley,P,5000
Evan Marshall,P,5000
Jean Machi,P,5000
Lucas Luetge,P,5000
Chen-Chang Lee,P,5000
Jeff Beliveau,P,5000
Dan Otero,P,5000
Seth Rosin,P,5000
Chad Jenkins,P,5000
Jake Diekman,P,5000
Jeurys Familia,P,5000
Matt Harvey,P,5000
Blake Treinen,P,5000
Trevor Rosenthal,P,5000
Nicholas Greenwood,P,5000
Blake Parker,P,5000
Neil Ramirez,P,5000
Chris Hatcher,P,5000
Matt Daley,P,5000
J.P. Howell,P,5000
Joe Beimel,P,5000
Oliver Perez,P,5000
Zach Duke,P,5000
Marc Rzepczynski,P,5000
Carlos Villanueva,P,5000
David Robertson,P,5000
Vin Mazzaro,P,5000
Manny Parra,P,5000
Brad Ziegler,P,5000
Tom Gorzelanny,P,5000
Brian Matusz,P,5000
Joba Chamberlain,P,5000
Kevin Jepsen,P,5000
Matt Albers,P,5000
Jim Johnson,P,5000
Jason Frasor,P,5000
Randy Choate,P,5000
John Lannan,P,5000
Matt Thornton,P,5000
Casey Janssen,P,5000
Brandon League,P,5000
Junichi Tazawa,P,5000
Jamey Wright,P,5000
Scott Elbert,P,5000
Scott Downs,P,5000
Ross Detwiler,P,5000
Neal Cotts,P,5000
Dana Eveland,P,5000
Casey Fien,P,5000
Bobby Korecky,P,5000
Jason Grilli,P,5000
Jeff Francis,P,5000
Alfredo Figaro,P,5000
Buddy Carlyle,P,5000
Billy Buckner,P,5000
Kyle Farnsworth,P,5000
Chris Leroux,P,5000
Trevor Bell,P,5000
Ross Ohlendorf,P,5000
Sean Marshall,P,5000
Burke Badenhop,P,5000
Jerry Blevins,P,5000
Joaquin Benoit,P,5000
Matt Belisle,P,5000
Antonio Bastardo,P,5000
Chad Qualls,P,5000
Brett Cecil,P,5000
Anthony Swarzak,P,5000
Brian Duensing,P,5000
Jason Motte,P,5000
Tim Stauffer,P,5000
Bobby Parnell,P,5000
Jeff Manship,P,5000
David Huff,P,5000
David Hernandez,P,5000
Boone Logan,P,5000
Tony Sipp,P,5000
Joe Smith,P,5000
Matt Lindstrom,P,5000
Wandy Rodriguez,P,5000
Mike Adams,P,5000
Ryan Webb,P,5000
Joe Thatcher,P,5000
Edward Mujica,P,5000
Craig Stammen,P,5000
Sean Burnett,P,5000
Jeremy Affeldt,P,5000
Sergio Romo,P,5000
Mike Pelfrey,P,5000
Tyler Clippard,P,5000
Jonathan Broxton,P,5000
Santiago Casilla,P,5000
Blaine Boyer,P,5000
Eric O'Flaherty,P,5000
LaTroy Hawkins,P,5000
Ronald Belisario,P,5000
Jared Burton,P,5000
Ryan Dempster,P,5000
Franklin Morales,P,5000
Juan Gutierrez,P,5000
Paul Maholm,P,5000
Nick Masset,P,5000
James McDonald,P,5000
Luke Gregerson,P,5000
Frank Francisco,P,5000
Darren O'Day,P,5000
Matt Guerrier,P,5000
Jesse Crain,P,5000
Ryan Rowland-Smith,P,5000
Shawn Kelley,P,5000
Phil Coke,P,5000
Alfredo Aceves,P,5000
Brett Anderson,P,5000
Craig Breslow,P,5000
Wade LeBlanc,P,5000
Shawn Camp,P,5000
Daniel McCutchen,P,5000
Pat Neshek,P,5000
Dale Thayer,P,5000
Josh Outman,P,5000
Mark Melancon,P,5000
Felipe Paulino,P,5000
Javier Lopez,P,5000
Pedro Strop,P,5000
Andrew Miller,P,5000
Carlos Torres,P,5000
Dustin McGowan,P,5000
Wade Davis,P,5000
Wilton Lopez,P,5000
Evan Meek,P,5000
Joel Peralta,P,5000
Wesley Wright,P,5000
Kevin Slowey,P,5000
Michael Dunn,P,5000
Fernando Rodriguez,P,5000
Jose Veras,P,5000
Joe Saunders,P,5000
Donnie Veal,P,5000
Aaron Poreda,P,5000
J.J. Putz,P,5000
Carlos Carrasco,P,5000
Miguel Cabrera,1B,4900
Paul Goldschmidt,1B,4900
Andrew McCutchen,OF,4900
Victor Martinez,C,4800
Corey Dickerson,OF,4700
Troy Tulowitzki,SS,4600
Hanley Ramirez,SS,4600
Brad Mills,P,4600
Christian Friedrich,P,4600
Jose Abreu,1B,4500
Jonathan Lucroy,C,4400
Jose Bautista,OF,4400
Adam Jones,OF,4400
Nelson Cruz,OF,4400
Ryan Braun,OF,4400
Adrian Beltre,3B,4400
Carlos Gomez,OF,4400
A.J. Pollock,OF,4300
Billy Hamilton,OF,4300
Devin Mesoraco,C,4300
Yasiel Puig,OF,4200
Rob Scahill,P,4200
Marco Gonzales,P,4200
Michael Brantley,OF,4200
Ian Kinsler,2B,4200
Todd Frazier,3B,4200
Dave Carpenter,P,4200
Dee Gordon,2B,4100
George Springer,OF,4100
Scooter Gennett,2B,4100
Kyle Seager,3B,4100
Jose Altuve,2B,4100
Yoenis Cespedes,OF,4100
David Ortiz,1B,4000
Robinson Cano,2B,4000
Justin Morneau,1B,4000
Josh Willingham,OF,3900
Anthony Rendon,2B,3900
Evan Longoria,3B,3900
J.D. Martinez,OF,3900
Carlos Santana,3B,3900
Coco Crisp,OF,3900
Buster Posey,C,3800
Brandon Moss,1B,3800
Brian Dozier,2B,3800
Christian Yelich,OF,3800
Lonnie Chisenhall,3B,3800
Jose Reyes,SS,3800
Khris Davis,OF,3800
Evan Gattis,C,3800
Justin Upton,OF,3800
Melky Cabrera,OF,3700
Charlie Blackmon,OF,3700
Jay Bruce,OF,3700
Anthony Rizzo,1B,3700
Jacoby Ellsbury,OF,3700
Marlon Byrd,OF,3700
Bryce Harper,OF,3700
Mark Trumbo,OF,3700
Hunter Pence,OF,3700
Carlos Gonzalez,OF,3700
David Wright,3B,3700
Shin-Soo Choo,OF,3600
Chase Utley,2B,3600
Curtis Granderson,OF,3600
Josh Donaldson,3B,3600
Aramis Ramirez,3B,3600
Matt Adams,1B,3600
Wilin Rosario,C,3600
Mike Napoli,1B,3600
Albert Pujols,1B,3600
Derek Norris,C,3600
Jason Heyward,OF,3600
Nolan Arenado,3B,3500
Kevin Kouzmanoff,3B,3500
Ryan Howard,1B,3500
Josh Hamilton,OF,3500
Freddie Freeman,1B,3500
Seth Smith,OF,3500
Pablo Sandoval,3B,3500
Matt Kemp,OF,3500
Lucas Duda,1B,3500
Adam Lind,1B,3500
Chris Davis,1B,3500
Mark Teixeira,1B,3500
Joey Votto,1B,3500
Adam LaRoche,1B,3500
Salvador Perez,C,3500
Starlin Castro,SS,3500
Matt Holliday,OF,3500
Drew Stubbs,OF,3400
Prince Fielder,1B,3400
Carl Crawford,OF,3400
Chris Owings,SS,3400
Michael Saunders,OF,3400
Erick Aybar,SS,3400
Colby Rasmus,OF,3400
Starling Marte,OF,3400
Jason Kipnis,2B,3400
Steve Pearce,1B,3300
Kole Calhoun,OF,3300
Asdrubal Cabrera,SS,3300
Daniel Santana,SS,3300
Miguel Montero,C,3300
Brett Gardner,OF,3300
Gregory Polanco,OF,3300
Ian Desmond,SS,3300
Jhonny Peralta,SS,3300
Brandon Belt,1B,3300
Pedro Alvarez,3B,3300
Michael Cuddyer,OF,3300
Yadier Molina,C,3300
Alex Gordon,OF,3300
Howie Kendrick,2B,3200
Brandon Crawford,SS,3200
Chris Carter,OF,3200
Avisail Garcia,OF,3200
Dexter Fowler,OF,3200
Jurickson Profar,2B,3200
John Jaso,C,3200
Dustin Pedroia,2B,3200
Matt Carpenter,3B,3200
Adrian Gonzalez,1B,3200
Ben Zobrist,2B,3100
Adam Eaton,OF,3100
Brock Holt,3B,3100
Alex Rios,OF,3100
Nyjer Morgan,OF,3100
Leonys Martin,OF,3100
Geovany Soto,C,3100
Martin Prado,3B,3100
Steve Souza,OF,3100
Carlos Beltran,OF,3100
Rajai Davis,OF,3100
Ryan Zimmerman,3B,3100
Eric Chavez,3B,3100
Jarrod Dyson,OF,3100
Jean Segura,SS,3100
Casey McGehee,3B,3100
Yohan Pino,P,3000
Torii Hunter,OF,3000
Juan Jaime,P,3000
Marcell Ozuna,OF,3000
Shane Victorino,OF,3000
Joe Panik,2B,3000
Jayson Werth,OF,3000
Jose Diaz,P,3000
Chris Young,OF,3000
Adam Duvall,3B,3000
Oswaldo Arcia,OF,3000
Mike Zunino,C,3000
Eric Young,OF,3000
Matthew Stites,P,3000
Cody Asche,3B,3000
Gordon Beckham,2B,3000
Justin Bour,1B,3000
Dan Robertson,OF,3000
Tyler Collins,OF,3000
Didi Gregorius,SS,3000
Yohan Flande,P,3000
Carlos Contreras,P,3000
Brandon Phillips,2B,3000
Brad Glenn,OF,3000
Jacob Realmuto,C,3000
Craig Gentry,OF,3000
Denard Span,OF,3000
Patrick McCoy,P,3000
Greg Garcia,2B,3000
Aaron Hill,2B,3000
Nick Markakis,OF,3000
Will Middlebrooks,3B,3000
Jason Lane,OF,3000
Taylor Hill,P,3000
Pedro Baez,3B,3000
Nick Evans,1B,3000
Mike Morse,1B,3000
Jackson Williams,C,3000
Angel Pagan,OF,3000
Wil Myers,OF,3000
Brett Lawrie,3B,3000
Kyle Blanks,OF,3000
Dallas Beeler,P,3000
Wilson Ramos,C,3000
Justin Turner,2B,3000
Chad Smith,P,3000
Daniel Murphy,2B,3000
Conor Gillaspie,3B,3000
Aaron Altherr,OF,3000
Odrisamer Despaigne,P,3000
Jake Buchanan,P,3000
Chris Iannetta,C,2900
Michael Bourn,OF,2900
Russell Martin,C,2900
Logan Morrison,1B,2900
Eric Hosmer,1B,2900
Alexei Ramirez,SS,2900
Alex Hassan,OF,2900
Juan Francisco,3B,2900
Josh Rutledge,SS,2900
C.J. Cron,1B,2900
Mark Reynolds,1B,2900
Omar Infante,2B,2900
B.J. Upton,OF,2900
Brian McCann,C,2900
Yan Gomes,C,2900
Dioner Navarro,C,2900
Desmond Jennings,OF,2900
Luis Valbuena,3B,2900
Adam Dunn,1B,2900
Erisbel Arruebarrena,SS,2900
Lorenzo Cain,OF,2900
Alejandro De Aza,OF,2900
Garrett Jones,1B,2900
David Peralta,OF,2900
Delmon Young,OF,2900
Tommy Medica,1B,2900
Donnie Murphy,2B,2800
Brad Miller,SS,2800
Jarrod Saltalamacchia,C,2800
Brandon Barnes,OF,2800
Scott Van Slyke,OF,2800
Robinson Chirinos,C,2800
Jonathan Singleton,1B,2800
Sam Fuld,OF,2800
Alcides Escobar,SS,2800
Jimmy Rollins,SS,2800
Marco Scutaro,2B,2800
Juan Lagares,OF,2800
Kevin Kiermaier,OF,2800
Ryan Ludwick,OF,2800
Cole Figueroa,2B,2800
Neil Walker,2B,2800
Trevor Plouffe,3B,2800
Kendrys Morales,1B,2800
Jesus Aguilar,1B,2800
James Jones,OF,2800
Jamie Romak,1B,2800
Josmil Pinto,C,2800
Tucker Barnhart,C,2800
Chase Headley,3B,2800
Vince Belnome,3B,2800
Emilio Bonifacio,2B,2800
Billy Butler,1B,2800
Matt Wieters,C,2800
Corey Hart,OF,2700
Reid Brignac,SS,2700
Mike Moustakas,3B,2700
Jason Castro,C,2700
Allen Craig,OF,2700
Miguel Rojas,2B,2700
James Loney,1B,2700
Jose Iglesias,SS,2700
Juan Uribe,3B,2700
Kolten Wong,2B,2700
Andy Dirks,OF,2700
Stephen Drew,SS,2700
Derek Dietrich,2B,2700
Nolan Reimold,OF,2700
Ian Stewart,3B,2700
Justin Maxwell,OF,2700
Josh Reddick,OF,2700
Rickie Weeks,2B,2700
Jason Bartlett,SS,2700
Darin Ruf,1B,2700
Rafael Furcal,SS,2700
Ben Revere,OF,2700
Francisco Pena,C,2700
Elvis Andrus,SS,2700
Scott Hairston,OF,2700
Justin Ruggiano,OF,2700
Jordy Mercer,SS,2700
Paul Konerko,1B,2700
Eugenio Suarez,SS,2700
Josh Harrison,2B,2700
Jesus Montero,C,2700
Randal Grichuk,OF,2700
DJ LeMahieu,2B,2700
Franklin Gutierrez,OF,2700
Jemile Weeks,2B,2600
Adrian Nieto,C,2600
Willie Bloomquist,SS,2600
Martin Maldonado,C,2600
Carlos Corporan,C,2600
Gerardo Parra,OF,2600
Jon Jay,OF,2600
Collin Cowgill,OF,2600
Rougned Odor,2B,2600
Norichika Aoki,OF,2600
Caleb Joseph,C,2600
Gregor Blanco,OF,2600
Tony Sanchez,C,2600
Ender Inciarte,OF,2600
Xander Bogaerts,SS,2600
Derek Jeter,SS,2600
Jonny Gomes,OF,2600
Joe Mauer,1B,2600
Matt Joyce,OF,2600
Nate McLouth,OF,2600
Eric Campbell,1B,2600
Thomas La Stella,2B,2600
Wil Nieves,C,2600
Jed Lowrie,SS,2600
Stephen Vogt,C,2600
Austin Jackson,OF,2600
Welington Castillo,C,2500
Brian Roberts,2B,2500
Brandon Guyer,OF,2500
Endy Chavez,OF,2500
Grady Sizemore,OF,2500
Chris Johnson,3B,2500
John Mayberry,OF,2500
A.J. Ellis,C,2500
Marcus Semien,3B,2500
Brett Hayes,C,2500
David Lough,OF,2500
J.J. Hardy,SS,2500
Eduardo Nunez,SS,2500
Mitch Moreland,OF,2500
Grant Green,SS,2500
Nick Punto,2B,2500
Alfonso Soriano,OF,2500
George Kottaras,C,2500
Andrew Brown,1B,2500
Matt den Dekker,OF,2500
Ryan Lavarnway,C,2500
Alexander Guerrero,2B,2500
Alex Avila,C,2500
Mike Aviles,SS,2500
Gaby Sanchez,1B,2500
Sean Rodriguez,SS,2500
Yasmani Grandal,C,2500
Junior Lake,OF,2500
Travis Snider,OF,2500
Michael Almanzar,3B,2500
Dayan Viciedo,OF,2500
Jose Ramirez,2B,2500
Xavier Nady,OF,2500
Chris Parmelee,OF,2500
Dean Anna,2B,2500
Jeff Keppinger,3B,2500
Lyle Overbay,1B,2500
Andre Ethier,OF,2400
Ryan Doumit,C,2400
Clint Robinson,1B,2400
Robbie Grossman,OF,2400
Cesar Hernandez,2B,2400
Shane Robinson,OF,2400
Drew Butera,C,2400
Jeff Baker,2B,2400
Nate Schierholtz,OF,2400
Chris Colabello,OF,2400
Yangervis Solarte,3B,2400
Eli Whiteside,C,2400
Brandon Hicks,2B,2400
Hank Conger,C,2400
Josh Satin,1B,2400
Domonic Brown,OF,2400
Munenori Kawasaki,SS,2400
Kirk Nieuwenhuis,OF,2400
Garin Cecchini,3B,2400
Tyler Colvin,OF,2400
Carlos Ruiz,C,2400
Cameron Maybin,OF,2400
David Ross,C,2400
Ryan Hanigan,C,2400
Leury Garcia,SS,2400
J.P. Arencibia,C,2400
Jonathan Villar,SS,2400
Travis D'Arnaud,C,2400
Yonder Alonso,1B,2400
Oscar Taveras,OF,2400
Luis Sardinas,SS,2400
Tony Cruz,C,2400
Tim Federowicz,C,2300
Tuffy Gosewisch,C,2300
Reed Johnson,OF,2300
Chris Gimenez,C,2300
Kurt Suzuki,C,2300
Justin Smoak,1B,2300
David DeJesus,OF,2300
Jim Adduci,OF,2300
Michael McKenry,C,2300
Pete Kozma,SS,2300
John Buck,C,2300
Ryan Raburn,2B,2300
Ehire Adrianza,SS,2300
Everth Cabrera,SS,2300
Andy Parrino,SS,2300
Bobby Abreu,OF,2300
Jordan Schafer,OF,2300
Alberto Callaspo,3B,2300
Ryan Wheeler,3B,2300
Wilmer Flores,SS,2300
Ruben Tejada,SS,2300
Nick Swisher,1B,2300
Daniel Nava,OF,2300
L.J. Hoes,OF,2300
Chris Denorfia,OF,2300
J.B. Shuck,OF,2300
Matt Dominguez,3B,2300
Gerald Laird,C,2300
Mark Ellis,2B,2300
Skip Schumaker,2B,2300
Raul Ibanez,OF,2300
Logan Forsythe,2B,2300
Tony Gwynn,OF,2300
Jonathan Schoop,2B,2300
Alexi Amarista,2B,2300
Darin Mastroianni,OF,2300
Francisco Cervelli,C,2300
Anthony Recker,C,2300
Adeiny Hechavarria,SS,2300
Anthony Gose,OF,2300
Roger Kieschnick,OF,2300
Jack Hannahan,3B,2300
Tyler Moore,1B,2300
Travis Ishikawa,1B,2300
Eric Sogard,2B,2300
Nick Hundley,C,2300
Carlos Quentin,OF,2300
Brad Snyder,OF,2300
Chris Getz,2B,2300
Jason Giambi,1B,2300
Kevin Frandsen,2B,2300
Jonathan Herrera,2B,2300
David Freese,3B,2300
Johnny Giavotella,2B,2300
Ramon Santiago,2B,2200
Scott Sizemore,2B,2200
Kevin Pillar,OF,2200
Will Venable,OF,2200
Josh Thole,C,2200
Brendan Ryan,SS,2200
Kyle Parker,OF,2200
Brayan Pena,C,2200
Cameron Rupp,C,2200
Cody Ross,OF,2200
Clint Barmes,SS,2200
Dan Uggla,2B,2200
John Baker,C,2200
Tyler Flowers,C,2200
Chris Coghlan,OF,2200
Manny Machado,3B,2200
Jose Tabata,OF,2200
Joaquin Arias,2B,2200
Jimmy Paredes,2B,2200
Hector Sanchez,C,2200
Engel Beltre,OF,2200
Danny Valencia,3B,2200
Tyler Pastornicky,SS,2200
Eric Fryer,C,2200
Steve Clevenger,C,2200
Roger Bernadina,OF,2200
Michael Choice,OF,2200
Rene Rivera,C,2200
Daric Barton,1B,2200
Freddy Galvis,2B,2200
Danny Worth,SS,2200
Jordan Pacheco,C,2200
Nick Castellanos,3B,2200
Pedro Florimon,SS,2200
Ryan Goins,2B,2200
Christopher Herrmann,C,2200
Joey Butler,OF,2200
Steve Tolleson,2B,2200
Neftali Soto,1B,2200
Caleb Gindl,OF,2200
Eduardo Escobar,SS,2200
Jordan Danks,OF,2200
Logan Schafer,OF,2200
Irving Falu,2B,2200
Omar Quintanilla,SS,2200
Elian Herrera,2B,2200
Juan Perez,OF,2200
Jesus Guzman,1B,2200
Brent Morel,3B,2200
Mike Baxter,OF,2200
Pedro Ciriaco,SS,2200
Daniel Descalso,2B,2200
Alex Presley,OF,2200
Chris Stewart,C,2200
Danny Espinosa,2B,2200
Peter Bourjos,OF,2200
Ryan Kalish,OF,2200
Jose Lobaton,C,2200
Don Kelly,OF,2200
Darwin Barney,2B,2200
Andrew Romine,SS,2200
Dustin Ackley,OF,2200
Michael Martinez,3B,2200
Austin Romine,C,2200
Efren Navarro,1B,2200
Jerry Sands,OF,2200
Charlie Culberson,2B,2200
Justin Sellers,SS,2200
Ed Lucas,2B,2200
Erik Kratz,C,2200
Marc Krauss,1B,2200
Francisco Peguero,OF,2200
Moises Sierra,OF,2200
Jon Diaz,3B,2200
Mike Carp,OF,2200
Brennan Boesch,OF,2200
Jeff Bianchi,SS,2200
Ichiro Suzuki,OF,2200
Sandy Leon,C,2200
Elliot Johnson,2B,2200
Taylor Teagarden,C,2200
David Murphy,OF,2200
Stefen Romero,2B,2200
Josh Wilson,SS,2200
Ali Solis,C,2200
Nick Franklin,2B,2200
Ronny Cedeno,SS,2200
Donald Lutz,OF,2200
Tim Beckham,SS,2200
Andrelton Simmons,SS,2200
Jose Molina,C,2200
Jason Kubel,OF,2200
A.J. Pierzynski,C,2200
Jeff Mathis,C,2200
Nick Buss,OF,2200
Maicer Izturis,3B,2200
Chone Figgins,3B,2200
Kelly Johnson,3B,2200
Yunel Escobar,SS,2200
Jackie Bradley,OF,2200
Jace Peterson,SS,2200
Jayson Nix,3B,2200
Jeffrey Kobernus,2B,2200
Cliff Pennington,SS,2200
Ryan Sweeney,OF,2200
Alfredo Marte,OF,2200
Zack Cozart,SS,2200
Ryan Roberts,2B,2200
Tony Campana,OF,2200
Mike Olt,3B,2200
Alex Gonzalez,SS,2200
Eury Perez,OF,2200
John McDonald,3B,2200
Steve Lombardozzi,2B,2200
Ike Davis,1B,2200
Zach Walters,SS,2200
Cole Gillespie,OF,2200
Bryan Holaday,C,2200
Donovan Solano,2B,2200
Carlos Pena,1B,2200
Jacob Marisnick,OF,2200
Marwin Gonzalez,SS,2200
Ryan Flaherty,2B,2200
Juan Centeno,C,2200
Luis Jimenez,3B,2200
Zoilo Almonte,OF,2200
John Murphy,C,2200
Carlos Triunfel,SS,2200
Abraham Almonte,OF,2200
Jedd Gyorko,2B,2200
Aaron Hicks,OF,2200
Jake Goebbert,OF,2200
Ramiro Pena,3B,2200
Greg Dobbs,1B,2200
Miguel Olivo,C,2200
Jaff Decker,OF,2200